{
  "configVersion": 1,
  "timestamp": 1599657579406,
  "index": "/mscc_pwa_demo/index.html",
  "assetGroups": [
    {
      "name": "app",
      "installMode": "prefetch",
      "updateMode": "prefetch",
      "cacheQueryOptions": {
        "ignoreVary": true
      },
      "urls": [
        "/mscc_pwa_demo/index.html",
        "/mscc_pwa_demo/main.026f11492445943bf6b5.js",
        "/mscc_pwa_demo/manifest.webmanifest",
        "/mscc_pwa_demo/polyfills.08cdd93a9921fbb99ed7.js",
        "/mscc_pwa_demo/runtime.f9956ac3c2762746a398.js",
        "/mscc_pwa_demo/styles.04274f8de38ba6ec7482.css"
      ],
      "patterns": []
    },
    {
      "name": "assets",
      "installMode": "lazy",
      "updateMode": "prefetch",
      "cacheQueryOptions": {
        "ignoreVary": true
      },
      "urls": [
        "/mscc_pwa_demo/assets/1.jpg",
        "/mscc_pwa_demo/assets/10010.jpg",
        "/mscc_pwa_demo/assets/10015.jpg",
        "/mscc_pwa_demo/assets/10016.jpg",
        "/mscc_pwa_demo/assets/1004.jpg",
        "/mscc_pwa_demo/assets/10043.jpg",
        "/mscc_pwa_demo/assets/10047.jpg",
        "/mscc_pwa_demo/assets/1005.jpg",
        "/mscc_pwa_demo/assets/10058.jpg",
        "/mscc_pwa_demo/assets/1006.jpg",
        "/mscc_pwa_demo/assets/10060.jpg",
        "/mscc_pwa_demo/assets/1007.jpg",
        "/mscc_pwa_demo/assets/10090.jpg",
        "/mscc_pwa_demo/assets/1012.jpg",
        "/mscc_pwa_demo/assets/1013.jpg",
        "/mscc_pwa_demo/assets/10132.jpg",
        "/mscc_pwa_demo/assets/1014.jpg",
        "/mscc_pwa_demo/assets/1016.jpg",
        "/mscc_pwa_demo/assets/1017.jpg",
        "/mscc_pwa_demo/assets/1019.jpg",
        "/mscc_pwa_demo/assets/1020.jpg",
        "/mscc_pwa_demo/assets/10204.jpg",
        "/mscc_pwa_demo/assets/10234.jpg",
        "/mscc_pwa_demo/assets/10255.jpg",
        "/mscc_pwa_demo/assets/1026.jpg",
        "/mscc_pwa_demo/assets/1029.jpg",
        "/mscc_pwa_demo/assets/103.jpg",
        "/mscc_pwa_demo/assets/10313.jpg",
        "/mscc_pwa_demo/assets/10327.jpg",
        "/mscc_pwa_demo/assets/10328.jpg",
        "/mscc_pwa_demo/assets/10329.jpg",
        "/mscc_pwa_demo/assets/1033.jpg",
        "/mscc_pwa_demo/assets/10330.jpg",
        "/mscc_pwa_demo/assets/1034.jpg",
        "/mscc_pwa_demo/assets/1037.jpg",
        "/mscc_pwa_demo/assets/10374.jpg",
        "/mscc_pwa_demo/assets/1038.jpg",
        "/mscc_pwa_demo/assets/10398.jpg",
        "/mscc_pwa_demo/assets/10399.jpg",
        "/mscc_pwa_demo/assets/104.jpg",
        "/mscc_pwa_demo/assets/10403.jpg",
        "/mscc_pwa_demo/assets/10404.jpg",
        "/mscc_pwa_demo/assets/10405.jpg",
        "/mscc_pwa_demo/assets/10422.jpg",
        "/mscc_pwa_demo/assets/10423.jpg",
        "/mscc_pwa_demo/assets/10428.jpg",
        "/mscc_pwa_demo/assets/10429.jpg",
        "/mscc_pwa_demo/assets/1043.jpg",
        "/mscc_pwa_demo/assets/10431.jpg",
        "/mscc_pwa_demo/assets/10437.jpg",
        "/mscc_pwa_demo/assets/10441.jpg",
        "/mscc_pwa_demo/assets/10443.jpg",
        "/mscc_pwa_demo/assets/10444.jpg",
        "/mscc_pwa_demo/assets/10447.jpg",
        "/mscc_pwa_demo/assets/10448.jpg",
        "/mscc_pwa_demo/assets/10449.jpg",
        "/mscc_pwa_demo/assets/10451.jpg",
        "/mscc_pwa_demo/assets/10454.jpg",
        "/mscc_pwa_demo/assets/10456.jpg",
        "/mscc_pwa_demo/assets/1046.jpg",
        "/mscc_pwa_demo/assets/10464.jpg",
        "/mscc_pwa_demo/assets/10467.jpg",
        "/mscc_pwa_demo/assets/10475.jpg",
        "/mscc_pwa_demo/assets/10476.jpg",
        "/mscc_pwa_demo/assets/10477.jpg",
        "/mscc_pwa_demo/assets/10479.jpg",
        "/mscc_pwa_demo/assets/10484.jpg",
        "/mscc_pwa_demo/assets/10487.jpg",
        "/mscc_pwa_demo/assets/1049.jpg",
        "/mscc_pwa_demo/assets/105.jpg",
        "/mscc_pwa_demo/assets/1051.jpg",
        "/mscc_pwa_demo/assets/10512.jpg",
        "/mscc_pwa_demo/assets/1052.jpg",
        "/mscc_pwa_demo/assets/10522.jpg",
        "/mscc_pwa_demo/assets/10523.jpg",
        "/mscc_pwa_demo/assets/1053.jpg",
        "/mscc_pwa_demo/assets/10542.jpg",
        "/mscc_pwa_demo/assets/10546.jpg",
        "/mscc_pwa_demo/assets/10556.jpg",
        "/mscc_pwa_demo/assets/10560.jpg",
        "/mscc_pwa_demo/assets/10563.jpg",
        "/mscc_pwa_demo/assets/10565.jpg",
        "/mscc_pwa_demo/assets/10567.jpg",
        "/mscc_pwa_demo/assets/10577.jpg",
        "/mscc_pwa_demo/assets/10581.jpg",
        "/mscc_pwa_demo/assets/10590.jpg",
        "/mscc_pwa_demo/assets/106.jpg",
        "/mscc_pwa_demo/assets/1062.jpg",
        "/mscc_pwa_demo/assets/1063.jpg",
        "/mscc_pwa_demo/assets/10632.jpg",
        "/mscc_pwa_demo/assets/1064.jpg",
        "/mscc_pwa_demo/assets/10647.jpg",
        "/mscc_pwa_demo/assets/10648.jpg",
        "/mscc_pwa_demo/assets/10649.jpg",
        "/mscc_pwa_demo/assets/10650.jpg",
        "/mscc_pwa_demo/assets/107.jpg",
        "/mscc_pwa_demo/assets/1070.jpg",
        "/mscc_pwa_demo/assets/1071.jpg",
        "/mscc_pwa_demo/assets/1072.jpg",
        "/mscc_pwa_demo/assets/10794.jpg",
        "/mscc_pwa_demo/assets/10806.jpg",
        "/mscc_pwa_demo/assets/10831.jpg",
        "/mscc_pwa_demo/assets/10835.jpg",
        "/mscc_pwa_demo/assets/10838.jpg",
        "/mscc_pwa_demo/assets/10849.jpg",
        "/mscc_pwa_demo/assets/10878.jpg",
        "/mscc_pwa_demo/assets/10889.jpg",
        "/mscc_pwa_demo/assets/109.jpg",
        "/mscc_pwa_demo/assets/1093.jpg",
        "/mscc_pwa_demo/assets/11.jpg",
        "/mscc_pwa_demo/assets/1105.jpg",
        "/mscc_pwa_demo/assets/1106.jpg",
        "/mscc_pwa_demo/assets/1107.jpg",
        "/mscc_pwa_demo/assets/1109.jpg",
        "/mscc_pwa_demo/assets/1110.jpg",
        "/mscc_pwa_demo/assets/1111.jpg",
        "/mscc_pwa_demo/assets/1112.jpg",
        "/mscc_pwa_demo/assets/1113.jpg",
        "/mscc_pwa_demo/assets/1115.jpg",
        "/mscc_pwa_demo/assets/1117.jpg",
        "/mscc_pwa_demo/assets/1118.jpg",
        "/mscc_pwa_demo/assets/1121.jpg",
        "/mscc_pwa_demo/assets/1123.jpg",
        "/mscc_pwa_demo/assets/1125.jpg",
        "/mscc_pwa_demo/assets/1126.jpg",
        "/mscc_pwa_demo/assets/1128.jpg",
        "/mscc_pwa_demo/assets/1129.jpg",
        "/mscc_pwa_demo/assets/1130.jpg",
        "/mscc_pwa_demo/assets/1149.jpg",
        "/mscc_pwa_demo/assets/1150.jpg",
        "/mscc_pwa_demo/assets/1151.jpg",
        "/mscc_pwa_demo/assets/1152.jpg",
        "/mscc_pwa_demo/assets/1153.jpg",
        "/mscc_pwa_demo/assets/1154.jpg",
        "/mscc_pwa_demo/assets/1157.jpg",
        "/mscc_pwa_demo/assets/1158.jpg",
        "/mscc_pwa_demo/assets/1159.jpg",
        "/mscc_pwa_demo/assets/1168.jpg",
        "/mscc_pwa_demo/assets/1169.jpg",
        "/mscc_pwa_demo/assets/117.jpg",
        "/mscc_pwa_demo/assets/1170.jpg",
        "/mscc_pwa_demo/assets/1175.jpg",
        "/mscc_pwa_demo/assets/1176.jpg",
        "/mscc_pwa_demo/assets/1177.jpg",
        "/mscc_pwa_demo/assets/1178.jpg",
        "/mscc_pwa_demo/assets/1180.jpg",
        "/mscc_pwa_demo/assets/1181.jpg",
        "/mscc_pwa_demo/assets/1182.jpg",
        "/mscc_pwa_demo/assets/1183.jpg",
        "/mscc_pwa_demo/assets/1184.jpg",
        "/mscc_pwa_demo/assets/1185.jpg",
        "/mscc_pwa_demo/assets/1195.jpg",
        "/mscc_pwa_demo/assets/12.jpg",
        "/mscc_pwa_demo/assets/1203.jpg",
        "/mscc_pwa_demo/assets/1206.jpg",
        "/mscc_pwa_demo/assets/121.jpg",
        "/mscc_pwa_demo/assets/122.jpg",
        "/mscc_pwa_demo/assets/124.jpg",
        "/mscc_pwa_demo/assets/1285.jpg",
        "/mscc_pwa_demo/assets/1287.jpg",
        "/mscc_pwa_demo/assets/1289.jpg",
        "/mscc_pwa_demo/assets/1290.jpg",
        "/mscc_pwa_demo/assets/1292.jpg",
        "/mscc_pwa_demo/assets/1295.jpg",
        "/mscc_pwa_demo/assets/1297.jpg",
        "/mscc_pwa_demo/assets/1299.jpg",
        "/mscc_pwa_demo/assets/13.jpg",
        "/mscc_pwa_demo/assets/1304.jpg",
        "/mscc_pwa_demo/assets/1305.jpg",
        "/mscc_pwa_demo/assets/1307.jpg",
        "/mscc_pwa_demo/assets/1309.jpg",
        "/mscc_pwa_demo/assets/1310.jpg",
        "/mscc_pwa_demo/assets/1311.jpg",
        "/mscc_pwa_demo/assets/1312.jpg",
        "/mscc_pwa_demo/assets/1314.jpg",
        "/mscc_pwa_demo/assets/1318.jpg",
        "/mscc_pwa_demo/assets/132.jpg",
        "/mscc_pwa_demo/assets/1320.jpg",
        "/mscc_pwa_demo/assets/1321.jpg",
        "/mscc_pwa_demo/assets/1324.jpg",
        "/mscc_pwa_demo/assets/1326.jpg",
        "/mscc_pwa_demo/assets/133.jpg",
        "/mscc_pwa_demo/assets/1338.jpg",
        "/mscc_pwa_demo/assets/1341.jpg",
        "/mscc_pwa_demo/assets/1343.jpg",
        "/mscc_pwa_demo/assets/1344.jpg",
        "/mscc_pwa_demo/assets/1345.jpg",
        "/mscc_pwa_demo/assets/1347.jpg",
        "/mscc_pwa_demo/assets/1348.jpg",
        "/mscc_pwa_demo/assets/1352.jpg",
        "/mscc_pwa_demo/assets/1353.jpg",
        "/mscc_pwa_demo/assets/1355.jpg",
        "/mscc_pwa_demo/assets/1356.jpg",
        "/mscc_pwa_demo/assets/1358.jpg",
        "/mscc_pwa_demo/assets/1359.jpg",
        "/mscc_pwa_demo/assets/1364.jpg",
        "/mscc_pwa_demo/assets/137.jpg",
        "/mscc_pwa_demo/assets/1375.jpg",
        "/mscc_pwa_demo/assets/1376.jpg",
        "/mscc_pwa_demo/assets/1379.jpg",
        "/mscc_pwa_demo/assets/1381.jpg",
        "/mscc_pwa_demo/assets/1382.jpg",
        "/mscc_pwa_demo/assets/1388.jpg",
        "/mscc_pwa_demo/assets/1389.jpg",
        "/mscc_pwa_demo/assets/1390.jpg",
        "/mscc_pwa_demo/assets/1394.jpg",
        "/mscc_pwa_demo/assets/1395.jpg",
        "/mscc_pwa_demo/assets/1398.jpg",
        "/mscc_pwa_demo/assets/1404.jpg",
        "/mscc_pwa_demo/assets/1406.jpg",
        "/mscc_pwa_demo/assets/1409.jpg",
        "/mscc_pwa_demo/assets/1448.jpg",
        "/mscc_pwa_demo/assets/145.jpg",
        "/mscc_pwa_demo/assets/1451.jpg",
        "/mscc_pwa_demo/assets/1459.jpg",
        "/mscc_pwa_demo/assets/1460.jpg",
        "/mscc_pwa_demo/assets/1467.jpg",
        "/mscc_pwa_demo/assets/147.jpg",
        "/mscc_pwa_demo/assets/1471.jpg",
        "/mscc_pwa_demo/assets/1472.jpg",
        "/mscc_pwa_demo/assets/1481.jpg",
        "/mscc_pwa_demo/assets/1482.jpg",
        "/mscc_pwa_demo/assets/1484.jpg",
        "/mscc_pwa_demo/assets/1485.jpg",
        "/mscc_pwa_demo/assets/1486.jpg",
        "/mscc_pwa_demo/assets/1496.jpg",
        "/mscc_pwa_demo/assets/150.jpg",
        "/mscc_pwa_demo/assets/1502.jpg",
        "/mscc_pwa_demo/assets/1503.jpg",
        "/mscc_pwa_demo/assets/1504.jpg",
        "/mscc_pwa_demo/assets/1505.jpg",
        "/mscc_pwa_demo/assets/1506.jpg",
        "/mscc_pwa_demo/assets/1507.jpg",
        "/mscc_pwa_demo/assets/1508.jpg",
        "/mscc_pwa_demo/assets/1509.jpg",
        "/mscc_pwa_demo/assets/1510.jpg",
        "/mscc_pwa_demo/assets/1512.jpg",
        "/mscc_pwa_demo/assets/1516.jpg",
        "/mscc_pwa_demo/assets/1518.jpg",
        "/mscc_pwa_demo/assets/1521.jpg",
        "/mscc_pwa_demo/assets/1526.jpg",
        "/mscc_pwa_demo/assets/1527.jpg",
        "/mscc_pwa_demo/assets/1528.jpg",
        "/mscc_pwa_demo/assets/1529.jpg",
        "/mscc_pwa_demo/assets/153.jpg",
        "/mscc_pwa_demo/assets/1530.jpg",
        "/mscc_pwa_demo/assets/1532.jpg",
        "/mscc_pwa_demo/assets/1536.jpg",
        "/mscc_pwa_demo/assets/1539.jpg",
        "/mscc_pwa_demo/assets/154.jpg",
        "/mscc_pwa_demo/assets/1540.jpg",
        "/mscc_pwa_demo/assets/155.jpg",
        "/mscc_pwa_demo/assets/160.jpg",
        "/mscc_pwa_demo/assets/162.jpg",
        "/mscc_pwa_demo/assets/164.jpg",
        "/mscc_pwa_demo/assets/166.jpg",
        "/mscc_pwa_demo/assets/167.jpg",
        "/mscc_pwa_demo/assets/169.jpg",
        "/mscc_pwa_demo/assets/17.jpg",
        "/mscc_pwa_demo/assets/170.jpg",
        "/mscc_pwa_demo/assets/172.jpg",
        "/mscc_pwa_demo/assets/174.jpg",
        "/mscc_pwa_demo/assets/178.jpg",
        "/mscc_pwa_demo/assets/181.jpg",
        "/mscc_pwa_demo/assets/184.jpg",
        "/mscc_pwa_demo/assets/186.jpg",
        "/mscc_pwa_demo/assets/187.jpg",
        "/mscc_pwa_demo/assets/208.jpg",
        "/mscc_pwa_demo/assets/21.jpg",
        "/mscc_pwa_demo/assets/229.jpg",
        "/mscc_pwa_demo/assets/23.jpg",
        "/mscc_pwa_demo/assets/231.jpg",
        "/mscc_pwa_demo/assets/232.jpg",
        "/mscc_pwa_demo/assets/24.jpg",
        "/mscc_pwa_demo/assets/240.jpg",
        "/mscc_pwa_demo/assets/243.jpg",
        "/mscc_pwa_demo/assets/245.jpg",
        "/mscc_pwa_demo/assets/246.jpg",
        "/mscc_pwa_demo/assets/247.jpg",
        "/mscc_pwa_demo/assets/248.jpg",
        "/mscc_pwa_demo/assets/249.jpg",
        "/mscc_pwa_demo/assets/257.jpg",
        "/mscc_pwa_demo/assets/26.jpg",
        "/mscc_pwa_demo/assets/269.jpg",
        "/mscc_pwa_demo/assets/27.jpg",
        "/mscc_pwa_demo/assets/271.jpg",
        "/mscc_pwa_demo/assets/272.jpg",
        "/mscc_pwa_demo/assets/274.jpg",
        "/mscc_pwa_demo/assets/276.jpg",
        "/mscc_pwa_demo/assets/278.jpg",
        "/mscc_pwa_demo/assets/279.jpg",
        "/mscc_pwa_demo/assets/28.jpg",
        "/mscc_pwa_demo/assets/3.jpg",
        "/mscc_pwa_demo/assets/30.jpg",
        "/mscc_pwa_demo/assets/303.jpg",
        "/mscc_pwa_demo/assets/305.jpg",
        "/mscc_pwa_demo/assets/32.jpg",
        "/mscc_pwa_demo/assets/325.jpg",
        "/mscc_pwa_demo/assets/33.jpg",
        "/mscc_pwa_demo/assets/34.jpg",
        "/mscc_pwa_demo/assets/343.jpg",
        "/mscc_pwa_demo/assets/362.jpg",
        "/mscc_pwa_demo/assets/370.jpg",
        "/mscc_pwa_demo/assets/382.jpg",
        "/mscc_pwa_demo/assets/384.jpg",
        "/mscc_pwa_demo/assets/396.jpg",
        "/mscc_pwa_demo/assets/40.jpg",
        "/mscc_pwa_demo/assets/408.jpg",
        "/mscc_pwa_demo/assets/411.jpg",
        "/mscc_pwa_demo/assets/42.jpg",
        "/mscc_pwa_demo/assets/43.jpg",
        "/mscc_pwa_demo/assets/44.jpg",
        "/mscc_pwa_demo/assets/444.jpg",
        "/mscc_pwa_demo/assets/45.jpg",
        "/mscc_pwa_demo/assets/454.jpg",
        "/mscc_pwa_demo/assets/46.jpg",
        "/mscc_pwa_demo/assets/479.jpg",
        "/mscc_pwa_demo/assets/481.jpg",
        "/mscc_pwa_demo/assets/482.jpg",
        "/mscc_pwa_demo/assets/483.jpg",
        "/mscc_pwa_demo/assets/485.jpg",
        "/mscc_pwa_demo/assets/49.jpg",
        "/mscc_pwa_demo/assets/508.jpg",
        "/mscc_pwa_demo/assets/51.jpg",
        "/mscc_pwa_demo/assets/516.jpg",
        "/mscc_pwa_demo/assets/52.jpg",
        "/mscc_pwa_demo/assets/53.jpg",
        "/mscc_pwa_demo/assets/530.jpg",
        "/mscc_pwa_demo/assets/536.jpg",
        "/mscc_pwa_demo/assets/54.jpg",
        "/mscc_pwa_demo/assets/541.jpg",
        "/mscc_pwa_demo/assets/55.jpg",
        "/mscc_pwa_demo/assets/56.jpg",
        "/mscc_pwa_demo/assets/57.jpg",
        "/mscc_pwa_demo/assets/60.jpg",
        "/mscc_pwa_demo/assets/618.jpg",
        "/mscc_pwa_demo/assets/619.jpg",
        "/mscc_pwa_demo/assets/620.jpg",
        "/mscc_pwa_demo/assets/621.jpg",
        "/mscc_pwa_demo/assets/625.jpg",
        "/mscc_pwa_demo/assets/626.jpg",
        "/mscc_pwa_demo/assets/628.jpg",
        "/mscc_pwa_demo/assets/63.jpg",
        "/mscc_pwa_demo/assets/630.jpg",
        "/mscc_pwa_demo/assets/632.jpg",
        "/mscc_pwa_demo/assets/634.jpg",
        "/mscc_pwa_demo/assets/637.jpg",
        "/mscc_pwa_demo/assets/638.jpg",
        "/mscc_pwa_demo/assets/639.jpg",
        "/mscc_pwa_demo/assets/64.jpg",
        "/mscc_pwa_demo/assets/640.jpg",
        "/mscc_pwa_demo/assets/642.jpg",
        "/mscc_pwa_demo/assets/643.jpg",
        "/mscc_pwa_demo/assets/644.jpg",
        "/mscc_pwa_demo/assets/648.jpg",
        "/mscc_pwa_demo/assets/65.jpg",
        "/mscc_pwa_demo/assets/653.jpg",
        "/mscc_pwa_demo/assets/654.jpg",
        "/mscc_pwa_demo/assets/659.jpg",
        "/mscc_pwa_demo/assets/660.jpg",
        "/mscc_pwa_demo/assets/661.jpg",
        "/mscc_pwa_demo/assets/667.jpg",
        "/mscc_pwa_demo/assets/668.jpg",
        "/mscc_pwa_demo/assets/670.jpg",
        "/mscc_pwa_demo/assets/672.jpg",
        "/mscc_pwa_demo/assets/676.jpg",
        "/mscc_pwa_demo/assets/679.jpg",
        "/mscc_pwa_demo/assets/687.jpg",
        "/mscc_pwa_demo/assets/690.jpg",
        "/mscc_pwa_demo/assets/694.jpg",
        "/mscc_pwa_demo/assets/696.jpg",
        "/mscc_pwa_demo/assets/697.jpg",
        "/mscc_pwa_demo/assets/698.jpg",
        "/mscc_pwa_demo/assets/70.jpg",
        "/mscc_pwa_demo/assets/700.jpg",
        "/mscc_pwa_demo/assets/701.jpg",
        "/mscc_pwa_demo/assets/702.jpg",
        "/mscc_pwa_demo/assets/703.jpg",
        "/mscc_pwa_demo/assets/705.jpg",
        "/mscc_pwa_demo/assets/718.jpg",
        "/mscc_pwa_demo/assets/722.jpg",
        "/mscc_pwa_demo/assets/73.jpg",
        "/mscc_pwa_demo/assets/731.jpg",
        "/mscc_pwa_demo/assets/733.jpg",
        "/mscc_pwa_demo/assets/737.jpg",
        "/mscc_pwa_demo/assets/738.jpg",
        "/mscc_pwa_demo/assets/74.jpg",
        "/mscc_pwa_demo/assets/749.jpg",
        "/mscc_pwa_demo/assets/756.jpg",
        "/mscc_pwa_demo/assets/76.jpg",
        "/mscc_pwa_demo/assets/761.jpg",
        "/mscc_pwa_demo/assets/764.jpg",
        "/mscc_pwa_demo/assets/77.jpg",
        "/mscc_pwa_demo/assets/771.jpg",
        "/mscc_pwa_demo/assets/786.jpg",
        "/mscc_pwa_demo/assets/79.jpg",
        "/mscc_pwa_demo/assets/791.jpg",
        "/mscc_pwa_demo/assets/792.jpg",
        "/mscc_pwa_demo/assets/802.jpg",
        "/mscc_pwa_demo/assets/806.jpg",
        "/mscc_pwa_demo/assets/807.jpg",
        "/mscc_pwa_demo/assets/809.jpg",
        "/mscc_pwa_demo/assets/810.jpg",
        "/mscc_pwa_demo/assets/814.jpg",
        "/mscc_pwa_demo/assets/816.jpg",
        "/mscc_pwa_demo/assets/819.jpg",
        "/mscc_pwa_demo/assets/82.jpg",
        "/mscc_pwa_demo/assets/824.jpg",
        "/mscc_pwa_demo/assets/825.jpg",
        "/mscc_pwa_demo/assets/826.jpg",
        "/mscc_pwa_demo/assets/829.jpg",
        "/mscc_pwa_demo/assets/832.jpg",
        "/mscc_pwa_demo/assets/835.jpg",
        "/mscc_pwa_demo/assets/837.jpg",
        "/mscc_pwa_demo/assets/838.jpg",
        "/mscc_pwa_demo/assets/839.jpg",
        "/mscc_pwa_demo/assets/840.jpg",
        "/mscc_pwa_demo/assets/842.jpg",
        "/mscc_pwa_demo/assets/845.jpg",
        "/mscc_pwa_demo/assets/846.jpg",
        "/mscc_pwa_demo/assets/847.jpg",
        "/mscc_pwa_demo/assets/85.jpg",
        "/mscc_pwa_demo/assets/852.jpg",
        "/mscc_pwa_demo/assets/854.jpg",
        "/mscc_pwa_demo/assets/855.jpg",
        "/mscc_pwa_demo/assets/857.jpg",
        "/mscc_pwa_demo/assets/858.jpg",
        "/mscc_pwa_demo/assets/86.jpg",
        "/mscc_pwa_demo/assets/862.jpg",
        "/mscc_pwa_demo/assets/863.jpg",
        "/mscc_pwa_demo/assets/868.jpg",
        "/mscc_pwa_demo/assets/870.jpg",
        "/mscc_pwa_demo/assets/871.jpg",
        "/mscc_pwa_demo/assets/873.jpg",
        "/mscc_pwa_demo/assets/878.jpg",
        "/mscc_pwa_demo/assets/879.jpg",
        "/mscc_pwa_demo/assets/881.jpg",
        "/mscc_pwa_demo/assets/882.jpg",
        "/mscc_pwa_demo/assets/883.jpg",
        "/mscc_pwa_demo/assets/884.jpg",
        "/mscc_pwa_demo/assets/885.jpg",
        "/mscc_pwa_demo/assets/887.jpg",
        "/mscc_pwa_demo/assets/889.jpg",
        "/mscc_pwa_demo/assets/891.jpg",
        "/mscc_pwa_demo/assets/892.jpg",
        "/mscc_pwa_demo/assets/893.jpg",
        "/mscc_pwa_demo/assets/894.jpg",
        "/mscc_pwa_demo/assets/897.jpg",
        "/mscc_pwa_demo/assets/898.jpg",
        "/mscc_pwa_demo/assets/899.jpg",
        "/mscc_pwa_demo/assets/90.jpg",
        "/mscc_pwa_demo/assets/900.jpg",
        "/mscc_pwa_demo/assets/903.jpg",
        "/mscc_pwa_demo/assets/904.jpg",
        "/mscc_pwa_demo/assets/91.jpg",
        "/mscc_pwa_demo/assets/925.jpg",
        "/mscc_pwa_demo/assets/926.jpg",
        "/mscc_pwa_demo/assets/929.jpg",
        "/mscc_pwa_demo/assets/930.jpg",
        "/mscc_pwa_demo/assets/933.jpg",
        "/mscc_pwa_demo/assets/934.jpg",
        "/mscc_pwa_demo/assets/935.jpg",
        "/mscc_pwa_demo/assets/938.jpg",
        "/mscc_pwa_demo/assets/939.jpg",
        "/mscc_pwa_demo/assets/94.jpg",
        "/mscc_pwa_demo/assets/940.jpg",
        "/mscc_pwa_demo/assets/941.jpg",
        "/mscc_pwa_demo/assets/942.jpg",
        "/mscc_pwa_demo/assets/943.jpg",
        "/mscc_pwa_demo/assets/944.jpg",
        "/mscc_pwa_demo/assets/947.jpg",
        "/mscc_pwa_demo/assets/948.jpg",
        "/mscc_pwa_demo/assets/949.jpg",
        "/mscc_pwa_demo/assets/951.jpg",
        "/mscc_pwa_demo/assets/952.jpg",
        "/mscc_pwa_demo/assets/953.jpg",
        "/mscc_pwa_demo/assets/956.jpg",
        "/mscc_pwa_demo/assets/957.jpg",
        "/mscc_pwa_demo/assets/958.jpg",
        "/mscc_pwa_demo/assets/96.jpg",
        "/mscc_pwa_demo/assets/data.json",
        "/mscc_pwa_demo/assets/icons/android-icon-144x144.png",
        "/mscc_pwa_demo/assets/icons/android-icon-192x192.png",
        "/mscc_pwa_demo/assets/icons/android-icon-36x36.png",
        "/mscc_pwa_demo/assets/icons/android-icon-48x48.png",
        "/mscc_pwa_demo/assets/icons/android-icon-72x72.png",
        "/mscc_pwa_demo/assets/icons/android-icon-96x96.png",
        "/mscc_pwa_demo/assets/icons/apple-icon-114x114.png",
        "/mscc_pwa_demo/assets/icons/apple-icon-120x120.png",
        "/mscc_pwa_demo/assets/icons/apple-icon-144x144.png",
        "/mscc_pwa_demo/assets/icons/apple-icon-152x152.png",
        "/mscc_pwa_demo/assets/icons/apple-icon-180x180.png",
        "/mscc_pwa_demo/assets/icons/apple-icon-57x57.png",
        "/mscc_pwa_demo/assets/icons/apple-icon-60x60.png",
        "/mscc_pwa_demo/assets/icons/apple-icon-72x72.png",
        "/mscc_pwa_demo/assets/icons/apple-icon-76x76.png",
        "/mscc_pwa_demo/assets/icons/apple-icon-precomposed.png",
        "/mscc_pwa_demo/assets/icons/apple-icon.png",
        "/mscc_pwa_demo/assets/icons/favicon-16x16.png",
        "/mscc_pwa_demo/assets/icons/favicon-32x32.png",
        "/mscc_pwa_demo/assets/icons/favicon-96x96.png",
        "/mscc_pwa_demo/assets/icons/favicon.ico",
        "/mscc_pwa_demo/assets/icons/icon-128x128.png",
        "/mscc_pwa_demo/assets/icons/icon-144x144.png",
        "/mscc_pwa_demo/assets/icons/icon-152x152.png",
        "/mscc_pwa_demo/assets/icons/icon-192x192.png",
        "/mscc_pwa_demo/assets/icons/icon-384x384.png",
        "/mscc_pwa_demo/assets/icons/icon-512x512.png",
        "/mscc_pwa_demo/assets/icons/icon-72x72.png",
        "/mscc_pwa_demo/assets/icons/icon-96x96.png",
        "/mscc_pwa_demo/assets/icons/ms-icon-144x144.png",
        "/mscc_pwa_demo/assets/icons/ms-icon-150x150.png",
        "/mscc_pwa_demo/assets/icons/ms-icon-310x310.png",
        "/mscc_pwa_demo/assets/icons/ms-icon-70x70.png"
      ],
      "patterns": []
    }
  ],
  "dataGroups": [
    {
      "name": "superheroes",
      "patterns": [
        "https:\\/\\/www\\.superheroapi\\.com\\/api\\.php\\/10223154308827957\\/search\\/a"
      ],
      "strategy": "performance",
      "maxSize": 100,
      "maxAge": 86400000,
      "cacheQueryOptions": {
        "ignoreVary": true
      },
      "version": 1
    }
  ],
  "hashTable": {
    "/mscc_pwa_demo/assets/1.jpg": "41bdeddde5b8d5ec67cbb11b5e61965f3c542563",
    "/mscc_pwa_demo/assets/10010.jpg": "7c5a3b67ffb8a2f444b5a274d8874b029b397606",
    "/mscc_pwa_demo/assets/10015.jpg": "d71fa0a5c2291e05af0906cbc21ba2c21daa4eb5",
    "/mscc_pwa_demo/assets/10016.jpg": "9b03017c61ec3c20f58d5574043c3ebc968aa79c",
    "/mscc_pwa_demo/assets/1004.jpg": "18b90fd2ec74ac0f53df502e5cf60aef1d8bb2cf",
    "/mscc_pwa_demo/assets/10043.jpg": "58165ed58628804b8270c7698ed723509866371c",
    "/mscc_pwa_demo/assets/10047.jpg": "1e8bc325af5f9b3557a6ae85580eb19c4fa907c8",
    "/mscc_pwa_demo/assets/1005.jpg": "920c7297632e55895b76db9552c486678e509c9e",
    "/mscc_pwa_demo/assets/10058.jpg": "b3ada322df5fd17b0388577ae93bc580766e38f2",
    "/mscc_pwa_demo/assets/1006.jpg": "56702068200dff63b88ca9ee11ad54c1724e2768",
    "/mscc_pwa_demo/assets/10060.jpg": "a808a65d8288c6418a74304fb18d7a98c0b154b7",
    "/mscc_pwa_demo/assets/1007.jpg": "68cb577568fec998be36294406f74a4a0502feab",
    "/mscc_pwa_demo/assets/10090.jpg": "731fa8971c85d4e253c1ac3e7d0a5996ad6b5b73",
    "/mscc_pwa_demo/assets/1012.jpg": "8c162f7418b639c98f8986bfae7dda4c16a70902",
    "/mscc_pwa_demo/assets/1013.jpg": "1218d8db2793dbe49a8ed77720717550d391f6e5",
    "/mscc_pwa_demo/assets/10132.jpg": "717b958c680c81efb287f98570c5292184615c3f",
    "/mscc_pwa_demo/assets/1014.jpg": "624eaea57c2abc858b94994666d012c36bf8ba09",
    "/mscc_pwa_demo/assets/1016.jpg": "e5ada933adc4bb800e5c17a1881780208d78ed9e",
    "/mscc_pwa_demo/assets/1017.jpg": "6075cee22b4f199eda958c5fb25833a7aa4ba885",
    "/mscc_pwa_demo/assets/1019.jpg": "f551876733d9e4068eb4a044fe64658506949501",
    "/mscc_pwa_demo/assets/1020.jpg": "dbdaed06ad4362e39f3911e93015d0cae2dcd1cd",
    "/mscc_pwa_demo/assets/10204.jpg": "cbf681d2f60efb6affb966995839c7cbeb6899fe",
    "/mscc_pwa_demo/assets/10234.jpg": "b00b07b17dc4c0c47f9f093744a11db9b6ed2d4d",
    "/mscc_pwa_demo/assets/10255.jpg": "22e5ea2fe1bc68855ffcecf351f47f02cb7b31a3",
    "/mscc_pwa_demo/assets/1026.jpg": "c3c52e3fbca41b35319413e01533248f119d75b5",
    "/mscc_pwa_demo/assets/1029.jpg": "ba9e3262fe1c9012e8d0ed4e60851a38484bce0b",
    "/mscc_pwa_demo/assets/103.jpg": "5784e966887801f4f64960eeb5ad1c7128103d9e",
    "/mscc_pwa_demo/assets/10313.jpg": "8fbc4eff5b0b9016d35ecfe3c49336ccc2399a63",
    "/mscc_pwa_demo/assets/10327.jpg": "4f6b524385c862ea253ee7d9e564c7ac0b6f9490",
    "/mscc_pwa_demo/assets/10328.jpg": "28271af0c00294acdc96c34d47b855e779c281f6",
    "/mscc_pwa_demo/assets/10329.jpg": "9742b520f3286af3e87ef1762b8c537ada1deceb",
    "/mscc_pwa_demo/assets/1033.jpg": "004f0b0e24af28e9407ce5770cc9e50228493840",
    "/mscc_pwa_demo/assets/10330.jpg": "f34018b373dda082358dc8e410a7f8e632575878",
    "/mscc_pwa_demo/assets/1034.jpg": "65b2107b0c3e130bc66a9a0c7dce4aa86a3dcdf2",
    "/mscc_pwa_demo/assets/1037.jpg": "63c0787166798e047aef21c240ee34b538c0cfba",
    "/mscc_pwa_demo/assets/10374.jpg": "54088a30f12ed901023f8b3919001d50281f8b42",
    "/mscc_pwa_demo/assets/1038.jpg": "f47b9efd3c68c3087258594001cc825447d1e4a0",
    "/mscc_pwa_demo/assets/10398.jpg": "63e1f7284f4b021b83883ab7242ab5be42fe8884",
    "/mscc_pwa_demo/assets/10399.jpg": "bb15d99567fe6e6947663e27e0764bb54d36ed49",
    "/mscc_pwa_demo/assets/104.jpg": "4072dd61a1fbb5b833e439aa7bad6833d27a3429",
    "/mscc_pwa_demo/assets/10403.jpg": "c6c352fe9c415aea51485e2743fcda2b787c49b6",
    "/mscc_pwa_demo/assets/10404.jpg": "d477b74c4375a873ee98628245deec6472268901",
    "/mscc_pwa_demo/assets/10405.jpg": "3578519178e210ba7eecab6130961390e62add59",
    "/mscc_pwa_demo/assets/10422.jpg": "e0c94b1caa5b7d4477fc14eaf8e8305e80f77a84",
    "/mscc_pwa_demo/assets/10423.jpg": "8cef788940d98b721eb7bdd6998efaa79a2ea2ed",
    "/mscc_pwa_demo/assets/10428.jpg": "131a05f58b92f3daff8fe765c38c3fb222389a33",
    "/mscc_pwa_demo/assets/10429.jpg": "4fd3106fa56fd067aa2a7f68c78f8487e419bcb2",
    "/mscc_pwa_demo/assets/1043.jpg": "f83254cced3896d7f2b4f70abb5dbcaab0f08b53",
    "/mscc_pwa_demo/assets/10431.jpg": "22c9a97dd7aa866c807a927891ac323901be4454",
    "/mscc_pwa_demo/assets/10437.jpg": "eb9b65da44e66b0aff776fb178e26730e3de236d",
    "/mscc_pwa_demo/assets/10441.jpg": "271d8c0f320ff77194fb979b13f46f0de394d047",
    "/mscc_pwa_demo/assets/10443.jpg": "76fb13fb776c1eeb7ec892828cb6274ce8b2e038",
    "/mscc_pwa_demo/assets/10444.jpg": "b292a576206a3be2a426352cb6a0a484093f09ac",
    "/mscc_pwa_demo/assets/10447.jpg": "c637757d92064c2b58e2f33ea15e5b3d203510b5",
    "/mscc_pwa_demo/assets/10448.jpg": "402637b8145acf3a68423fe982776e4c0b34ec08",
    "/mscc_pwa_demo/assets/10449.jpg": "997cbb6211e98f8c4ca40496f9c139f46dcf7f55",
    "/mscc_pwa_demo/assets/10451.jpg": "680a8c45cb2b30f2f33adc83e7e27b560a6e54f3",
    "/mscc_pwa_demo/assets/10454.jpg": "45cc037d0c1b9a6cb3778cfa395902004004ca54",
    "/mscc_pwa_demo/assets/10456.jpg": "cfb38cb8a2af01bca2eb88198eebc13cb04714ec",
    "/mscc_pwa_demo/assets/1046.jpg": "ad37330f5b4d2174ec7b7c9796f64cac589a6a81",
    "/mscc_pwa_demo/assets/10464.jpg": "6ce989e90dcd6b3107ded94dffd56f73e673ffed",
    "/mscc_pwa_demo/assets/10467.jpg": "793ac1dc58a188e5ff649f62f431e2e7c13c8a19",
    "/mscc_pwa_demo/assets/10475.jpg": "21b386d65b883ca277fbcc1cba63592fde2d7bac",
    "/mscc_pwa_demo/assets/10476.jpg": "19c3bdd8e5e4ee28cc5f9943b31adfcf71d75370",
    "/mscc_pwa_demo/assets/10477.jpg": "6e32dc622ab365a8977cef1c9b789dee51e97113",
    "/mscc_pwa_demo/assets/10479.jpg": "b8b776a29cd1871bc9fed971835fb55bd596853e",
    "/mscc_pwa_demo/assets/10484.jpg": "51b58969f69119c29c4375b826c7576caad11743",
    "/mscc_pwa_demo/assets/10487.jpg": "371efaa56e43b82cbbecda5953eb0d9beafb7856",
    "/mscc_pwa_demo/assets/1049.jpg": "08b46191c0f855131fc5dca507239f9af70b9a6b",
    "/mscc_pwa_demo/assets/105.jpg": "7fdd3d0ff020915d5c10517bea248db1ffdf5bc0",
    "/mscc_pwa_demo/assets/1051.jpg": "55d8c6b788c3843c41a7e32ae8b13053c793f717",
    "/mscc_pwa_demo/assets/10512.jpg": "ff2b0361debcb01fa8aea93dc0fb3d46a8be68d3",
    "/mscc_pwa_demo/assets/1052.jpg": "387b1997c42c3617afea04afd83cd3bf211a6acd",
    "/mscc_pwa_demo/assets/10522.jpg": "bf3b2c8deebedebc264a219b7dd769ec3c082067",
    "/mscc_pwa_demo/assets/10523.jpg": "b6892c9711815a844c90d0420557595e85f629fc",
    "/mscc_pwa_demo/assets/1053.jpg": "a1c1b627adc5013b3eb7fe419e7996f38628e356",
    "/mscc_pwa_demo/assets/10542.jpg": "02dcef37909ddd37445fb2ea39b6bc26a30385eb",
    "/mscc_pwa_demo/assets/10546.jpg": "7efe0c703e603562afd4880e74e73bafb2dc8996",
    "/mscc_pwa_demo/assets/10556.jpg": "9acda10be722aabe4275e1e3adfba7585b7c8f77",
    "/mscc_pwa_demo/assets/10560.jpg": "855b54ea386c950ee806f35551d3878e96c18c9a",
    "/mscc_pwa_demo/assets/10563.jpg": "d66c9cdaeaa092a0954434128af72043dc63016c",
    "/mscc_pwa_demo/assets/10565.jpg": "7d67b2e1fc42b1e16e2ce2b828426c1cc184d9e4",
    "/mscc_pwa_demo/assets/10567.jpg": "316cb4cf942aad9f1ebc3e3d95e154177aa2cc20",
    "/mscc_pwa_demo/assets/10577.jpg": "40c6641910b5ab44a2e1a42d3c54b59106f2278c",
    "/mscc_pwa_demo/assets/10581.jpg": "8e72199cb3d6821a2a8d40cee43dab62a79061fa",
    "/mscc_pwa_demo/assets/10590.jpg": "ed5a50e6e24469473348afc9b24f8ca82793bb87",
    "/mscc_pwa_demo/assets/106.jpg": "d30bb5cf8ceed0b97a5350399a6f02fb275534cf",
    "/mscc_pwa_demo/assets/1062.jpg": "97d545a58cb6f161dfd9dd6b5a9bd003b579d360",
    "/mscc_pwa_demo/assets/1063.jpg": "d43fc676d010a0f6dacddd70907a5b866662f9b4",
    "/mscc_pwa_demo/assets/10632.jpg": "d945549eec59ddf123af1ae5620f4d32c6fe64b0",
    "/mscc_pwa_demo/assets/1064.jpg": "8dd5906e4b918280f4091a55863252936d48761c",
    "/mscc_pwa_demo/assets/10647.jpg": "6293975f56409d1cb6f5098edcc0231df469befd",
    "/mscc_pwa_demo/assets/10648.jpg": "a1921fc9ff0020a4400b3edee45b825eb2f5d26b",
    "/mscc_pwa_demo/assets/10649.jpg": "b538787187d9725ac526d9f04ee333dbad4131af",
    "/mscc_pwa_demo/assets/10650.jpg": "864ae8275f22c4c5a47251da81bff82d94d96cf8",
    "/mscc_pwa_demo/assets/107.jpg": "602406f347c6bf27ad0d0167541100e0173f7ec3",
    "/mscc_pwa_demo/assets/1070.jpg": "47c1d279374bbec42fcf863ac54d46d51e63bb0c",
    "/mscc_pwa_demo/assets/1071.jpg": "71241f4245ae5a8afcabc1d0661d8489c78eab70",
    "/mscc_pwa_demo/assets/1072.jpg": "1eda5729d1804326ee6a0fb368d67647d8329195",
    "/mscc_pwa_demo/assets/10794.jpg": "be90266161ccfb46772b70f08bc85f30a61ca360",
    "/mscc_pwa_demo/assets/10806.jpg": "90592947dfca25a680d669ba4b8c085cad6d7a52",
    "/mscc_pwa_demo/assets/10831.jpg": "e84bbc4465a8d074fee137607120717a1f1d8cbe",
    "/mscc_pwa_demo/assets/10835.jpg": "cec1c769a08bc23852cf46099af6cad553ef899b",
    "/mscc_pwa_demo/assets/10838.jpg": "638a61d21086f778f0bec7f30256de3afb376c9c",
    "/mscc_pwa_demo/assets/10849.jpg": "00f9663b0fdc436b4eee6d6e2d5acd2c575200bc",
    "/mscc_pwa_demo/assets/10878.jpg": "0a36fd4a3c4b94e64372b830c36293d9c8ea0f04",
    "/mscc_pwa_demo/assets/10889.jpg": "9a1179c6eda59953db5ee8e437770a4d43ce0fd5",
    "/mscc_pwa_demo/assets/109.jpg": "860a917776a12dc7f8ba51c3614cbce0709e7a74",
    "/mscc_pwa_demo/assets/1093.jpg": "d786fffa7571568ba5aa43b509fd230e393d154d",
    "/mscc_pwa_demo/assets/11.jpg": "53c1e1a69c4e124ec9c057e2fcfa99f94fbd5150",
    "/mscc_pwa_demo/assets/1105.jpg": "1793b3289a65ac39379ec5b9bccebf9339d9a5b8",
    "/mscc_pwa_demo/assets/1106.jpg": "eae3d8e2731ab1bd9ee0bb774f43ae898b64691e",
    "/mscc_pwa_demo/assets/1107.jpg": "d25f9fc5cdeedd084793968233613a9f6e37c16f",
    "/mscc_pwa_demo/assets/1109.jpg": "bb072026a9091977e4375513dbbf14e6c431899e",
    "/mscc_pwa_demo/assets/1110.jpg": "dd5884ac2aed9354eb9dbeae08c505d1f313a5cf",
    "/mscc_pwa_demo/assets/1111.jpg": "788ef463ff470f2f8fb1c3b294b1a216a7fea7a9",
    "/mscc_pwa_demo/assets/1112.jpg": "3108030f929a71dc13ef8ab2712c8cc462c9c2e2",
    "/mscc_pwa_demo/assets/1113.jpg": "3e3c0689939bf3b210212e91ea342e110d95867f",
    "/mscc_pwa_demo/assets/1115.jpg": "8b169ece0dd22b1c8c21d3f7d543a9438b05a58c",
    "/mscc_pwa_demo/assets/1117.jpg": "18d97491e396120f958095ebc2256dbfcc2a0df5",
    "/mscc_pwa_demo/assets/1118.jpg": "a977bf71a043320b31b75eb01136e2f6164828c5",
    "/mscc_pwa_demo/assets/1121.jpg": "e0ae5c45cbaeb29605f7f45f6727c18d81b4bae9",
    "/mscc_pwa_demo/assets/1123.jpg": "afecc53ddec9cabd453ab84703b97b6e23932f67",
    "/mscc_pwa_demo/assets/1125.jpg": "e3e1389e5e2168ec01eff9328d99c3b095048eda",
    "/mscc_pwa_demo/assets/1126.jpg": "4e2c213e369f2c096b2e67c636fe4c8d32361cd7",
    "/mscc_pwa_demo/assets/1128.jpg": "48eda8ab9765704451a2ffb7777f3c5fde36f311",
    "/mscc_pwa_demo/assets/1129.jpg": "d4989a827f98252b2d65a8d5dd1d48d74eb7b4fd",
    "/mscc_pwa_demo/assets/1130.jpg": "bd2f28a4809da59ffef711d6af300543501caf94",
    "/mscc_pwa_demo/assets/1149.jpg": "d6ab0823b79806112bfb57e37bf047134db35453",
    "/mscc_pwa_demo/assets/1150.jpg": "9fd5f8711d5a330a382dec1ade196835b6aa6946",
    "/mscc_pwa_demo/assets/1151.jpg": "fb0026039b5b38b31a5ea5c73e101e2a56e89ed6",
    "/mscc_pwa_demo/assets/1152.jpg": "61e31b452722e7e67a7b9237bfb924630acccba7",
    "/mscc_pwa_demo/assets/1153.jpg": "ed6f35b09605e1455d66247ba87e4914815a340e",
    "/mscc_pwa_demo/assets/1154.jpg": "0eba8da4058fd33153b227b6a8438a9688d90354",
    "/mscc_pwa_demo/assets/1157.jpg": "636d20dd894b3f7fc6da87b140a7b2d8d1cbac3f",
    "/mscc_pwa_demo/assets/1158.jpg": "ad9b4d4b8d7c4bee3f862d07cf8326fe0a2f2e6d",
    "/mscc_pwa_demo/assets/1159.jpg": "98317e1aa1e02cf162ec7a13d9eaae3328038b36",
    "/mscc_pwa_demo/assets/1168.jpg": "c945b6f895df9a3905dc9d7b975242490672e922",
    "/mscc_pwa_demo/assets/1169.jpg": "8e7e66e6a8e378d9302ea9afc7db30000dce0bfd",
    "/mscc_pwa_demo/assets/117.jpg": "6e84b92589df24e80384e9b01ea1ff513439715b",
    "/mscc_pwa_demo/assets/1170.jpg": "37a209611812533709eb3184fd621f593d47ccf1",
    "/mscc_pwa_demo/assets/1175.jpg": "d17a7def83553c22654a6626f7be6bfc87038360",
    "/mscc_pwa_demo/assets/1176.jpg": "739adb1371a3978ba42ee013e8088d538097a7f5",
    "/mscc_pwa_demo/assets/1177.jpg": "d33a2cd5c4a92c829ec4161a2be82625ff0164aa",
    "/mscc_pwa_demo/assets/1178.jpg": "db98c8b5960d6b5493c8a41ef2ce4bc36fa6b7cc",
    "/mscc_pwa_demo/assets/1180.jpg": "b51248cc62ff6f445bdd0e2554c876089d2da47a",
    "/mscc_pwa_demo/assets/1181.jpg": "45f6b504d973271cb10aad849fae9a40461f5e75",
    "/mscc_pwa_demo/assets/1182.jpg": "f3a38c71fa4fe7f63c7e8d99745cfe1db3c2e253",
    "/mscc_pwa_demo/assets/1183.jpg": "4b5c39c0fe09189dafd6df6aa29a8377fb655679",
    "/mscc_pwa_demo/assets/1184.jpg": "95d23685d3a764a1cf9eef400d101c6f05baa1fd",
    "/mscc_pwa_demo/assets/1185.jpg": "49f73c4a9d86f67b37a44085d1f9ed21641d25df",
    "/mscc_pwa_demo/assets/1195.jpg": "2b63f5658386458a27ebe630dbe1f0a02d0122c7",
    "/mscc_pwa_demo/assets/12.jpg": "fe6a45da53066d3c600d6c819f7c812edca249db",
    "/mscc_pwa_demo/assets/1203.jpg": "d844182505486f59deff00b87a9a3cf8b72de6ee",
    "/mscc_pwa_demo/assets/1206.jpg": "81f3678008c5fe154c240663db1a0c7247d90919",
    "/mscc_pwa_demo/assets/121.jpg": "f7475fafb5ddcdfd924380369a6a4f497416ff71",
    "/mscc_pwa_demo/assets/122.jpg": "7fa5a5771fd7a393bb399eec5e99564cdefc1447",
    "/mscc_pwa_demo/assets/124.jpg": "af39997b70b88c0a72eefc1d067726806e64fd0a",
    "/mscc_pwa_demo/assets/1285.jpg": "0c4e03dacdf04fff22aafc7fecdfb7a00d180e3c",
    "/mscc_pwa_demo/assets/1287.jpg": "c079194d736ec6e5c5d66ba464c77de176e3b780",
    "/mscc_pwa_demo/assets/1289.jpg": "1b39b01112a0248320c770e42c1a3c73c71169cc",
    "/mscc_pwa_demo/assets/1290.jpg": "fdee7dbf880d923ce4f7338a4d6ff402bb1e9e1d",
    "/mscc_pwa_demo/assets/1292.jpg": "36502e8a63fa95a819898dffea628a29839bfb9d",
    "/mscc_pwa_demo/assets/1295.jpg": "4b806800193ab72df2c68a6562bf279d22f66a5c",
    "/mscc_pwa_demo/assets/1297.jpg": "3dbe3c575a60026596d4ca1bf57ac81b75d9ca2c",
    "/mscc_pwa_demo/assets/1299.jpg": "e2461dd87394566bd874d01e404d7ed7d7a815b7",
    "/mscc_pwa_demo/assets/13.jpg": "217b4f62dcbf41a4e7f307153d509ba85c903ca2",
    "/mscc_pwa_demo/assets/1304.jpg": "5a881d5c6e07d23e17eceec2e123d962172efff8",
    "/mscc_pwa_demo/assets/1305.jpg": "8eb2af1d4d6677844b242375f8ab591b2efb9b56",
    "/mscc_pwa_demo/assets/1307.jpg": "2e6906a202b8e13c081b34ea380f8a7ee22b6fbc",
    "/mscc_pwa_demo/assets/1309.jpg": "57da5c12f789a22a10bb90c3119ecf34c781ef71",
    "/mscc_pwa_demo/assets/1310.jpg": "def74fe7c2082ba5ea928a47ac821d5780af1025",
    "/mscc_pwa_demo/assets/1311.jpg": "dcb5327c7720a6ad90264e13c614d71c5008e270",
    "/mscc_pwa_demo/assets/1312.jpg": "7a75d856a69088052cb52d52f3ec3ee086a9319c",
    "/mscc_pwa_demo/assets/1314.jpg": "de1e31fd6ac0a569c658bf3cd2e11c4e23389a22",
    "/mscc_pwa_demo/assets/1318.jpg": "99f24d22dd52d0bc26010f95cca001a795504d45",
    "/mscc_pwa_demo/assets/132.jpg": "2e7b9145e5d301cfafea56dcbdc313b7f19039bc",
    "/mscc_pwa_demo/assets/1320.jpg": "e5c0a65d5780f63c8636abd017e62a55c626a83f",
    "/mscc_pwa_demo/assets/1321.jpg": "838b2b06319cac8fc36463b32240473ed5d5536d",
    "/mscc_pwa_demo/assets/1324.jpg": "ed4f824b71e3ea244ea75218e37952135f3ba25d",
    "/mscc_pwa_demo/assets/1326.jpg": "04bdaac463493489c8291899ce83039be22eae8e",
    "/mscc_pwa_demo/assets/133.jpg": "24d09fe1477e98b08774a02d532d4a6c55ff9121",
    "/mscc_pwa_demo/assets/1338.jpg": "3d5a9dd7474706aeb1dbd6aa56fdbd6a00b59bea",
    "/mscc_pwa_demo/assets/1341.jpg": "baa88c8390026845680298b27a132320e40fcce4",
    "/mscc_pwa_demo/assets/1343.jpg": "5f858e26ec8940d927bb5ec19dc9d84a00db1c28",
    "/mscc_pwa_demo/assets/1344.jpg": "4f7c7e344d13e7ccb02c9298658b7890e7f2923d",
    "/mscc_pwa_demo/assets/1345.jpg": "a0bbdf87a7853336f1b31d89239482a5d6e48b86",
    "/mscc_pwa_demo/assets/1347.jpg": "f1c952d1f7bebd7cabf0aa13e697ce4ce24947e0",
    "/mscc_pwa_demo/assets/1348.jpg": "1c0c690cbca857ce01a2de3f7b10a9c1ad8e0c91",
    "/mscc_pwa_demo/assets/1352.jpg": "c38b0daf8373274fcac90529e98a8aa49c437ae7",
    "/mscc_pwa_demo/assets/1353.jpg": "29abd1ae22fecf811352cd10eca25ad1faa24c47",
    "/mscc_pwa_demo/assets/1355.jpg": "de651b7d6ef2c54c50410894f90ed11b5e39bcc4",
    "/mscc_pwa_demo/assets/1356.jpg": "3095d361908cdce77e96639328d827bcf45732b2",
    "/mscc_pwa_demo/assets/1358.jpg": "ab1d01a0469e463b114ed1e37bc1ef825b5a40ed",
    "/mscc_pwa_demo/assets/1359.jpg": "c3c85a1e533b64f96aa880e285e624d0adced2cd",
    "/mscc_pwa_demo/assets/1364.jpg": "fb7b2b0a6795d37c0700252152e55d562ec1605a",
    "/mscc_pwa_demo/assets/137.jpg": "72212930eb8f75d1669aeedd1d0cc907edd0e7bf",
    "/mscc_pwa_demo/assets/1375.jpg": "d7e1812c9568970c95001b17cac431305b9f2e04",
    "/mscc_pwa_demo/assets/1376.jpg": "b9cf4d94b5e7f08863452d07c788286a61e7d961",
    "/mscc_pwa_demo/assets/1379.jpg": "2d486dec02337c201f8a1f5d8a0c9295d53334cb",
    "/mscc_pwa_demo/assets/1381.jpg": "677c6bfa3ace126b65d1bfd1108a65025d9da567",
    "/mscc_pwa_demo/assets/1382.jpg": "580d90ab2a044f433106fa6d0cf86436e8363d4e",
    "/mscc_pwa_demo/assets/1388.jpg": "357a8e2840830ae060353a771c318659099ff94c",
    "/mscc_pwa_demo/assets/1389.jpg": "7867cd6a3ccaeb6f2521d5a309102702974dce08",
    "/mscc_pwa_demo/assets/1390.jpg": "1701d22fc01ddc7707969b91f067800c19fd642d",
    "/mscc_pwa_demo/assets/1394.jpg": "72d518790c0d2a5fb69053dc112c64394116fc72",
    "/mscc_pwa_demo/assets/1395.jpg": "2b9c9ca1b1d347c78ed574b7e52e548c6fa65e13",
    "/mscc_pwa_demo/assets/1398.jpg": "d4415fa54e924c3e78959977d15453a76f48ec6d",
    "/mscc_pwa_demo/assets/1404.jpg": "ef85bd9d4167e2492a8517003129a64167fab155",
    "/mscc_pwa_demo/assets/1406.jpg": "d8c60c2b0428d90a3299126e4d67a14d9cf9a6bb",
    "/mscc_pwa_demo/assets/1409.jpg": "f5b581b0320289bd02abfad6db462ed878e8a4d9",
    "/mscc_pwa_demo/assets/1448.jpg": "14922034f5f2cbbd46b51425596ef838e470d5f6",
    "/mscc_pwa_demo/assets/145.jpg": "1d32d4a98ca22323c830fc1aa895c8e709d198aa",
    "/mscc_pwa_demo/assets/1451.jpg": "76805718526d81fce0c4fd911a33298c5e8d37a1",
    "/mscc_pwa_demo/assets/1459.jpg": "1e538e3b62f2471e9b65d7c43fcc94d1585f6c1e",
    "/mscc_pwa_demo/assets/1460.jpg": "878172797044da56b879318c6612f91f8aa2565b",
    "/mscc_pwa_demo/assets/1467.jpg": "38faf844eb56a1eb90ad69b15830c74b3adbca6b",
    "/mscc_pwa_demo/assets/147.jpg": "f8a2c92778606f979957c3fb365da89641ae5ace",
    "/mscc_pwa_demo/assets/1471.jpg": "7fa406d456661bf84e4dab6a6d52cebe56e32fe2",
    "/mscc_pwa_demo/assets/1472.jpg": "7f4d1ac1e937c5ecf8ddcb999f3431f40616aa11",
    "/mscc_pwa_demo/assets/1481.jpg": "9fa8afed7d87efd3f273e68d1ddc5c78bb3a7e31",
    "/mscc_pwa_demo/assets/1482.jpg": "dd522a4fafc061ee2392e05ca3d8745922fc83f8",
    "/mscc_pwa_demo/assets/1484.jpg": "c9eff16f805c8e0298e08a6bbc4eade571820726",
    "/mscc_pwa_demo/assets/1485.jpg": "2ce400800c0952574d580a5ecc4cb9899544901b",
    "/mscc_pwa_demo/assets/1486.jpg": "650d1be90d6e08ae784d8a7b655be3120cf52be5",
    "/mscc_pwa_demo/assets/1496.jpg": "d12e9e4091fd26254196c998d23e998553b2ca12",
    "/mscc_pwa_demo/assets/150.jpg": "ec1b392abf0b69e3b987741661a2e79ecc826860",
    "/mscc_pwa_demo/assets/1502.jpg": "0c389669a3f96595543f7f4f6f66d6409c939e87",
    "/mscc_pwa_demo/assets/1503.jpg": "f4c2dcc858738862761a3d5e3f4238981d919d98",
    "/mscc_pwa_demo/assets/1504.jpg": "e8748512a55fe134d8c36038077cd3229090bffd",
    "/mscc_pwa_demo/assets/1505.jpg": "8cbcb12d74458839f2b1611d6373f6250548a6ff",
    "/mscc_pwa_demo/assets/1506.jpg": "0fffcd7d463d8c213b50459c24aaa87b07ba6ef8",
    "/mscc_pwa_demo/assets/1507.jpg": "d0493279a03d2dd02e638ab34791774d1377de09",
    "/mscc_pwa_demo/assets/1508.jpg": "f1daf836a8d8164cb41d86c2679e0692723e88d5",
    "/mscc_pwa_demo/assets/1509.jpg": "6d15924835b9657bfa7ed0d1f83c2a9feeacfdbc",
    "/mscc_pwa_demo/assets/1510.jpg": "c2013dbaf429a21e173e214f5c0a097733b01e28",
    "/mscc_pwa_demo/assets/1512.jpg": "60e2f8c5afdb3ba6709220b56164f22618d5d1b3",
    "/mscc_pwa_demo/assets/1516.jpg": "18c8d846672ebacb8501551276268279f4a66923",
    "/mscc_pwa_demo/assets/1518.jpg": "4477949c026379b921356e391c99add763eca487",
    "/mscc_pwa_demo/assets/1521.jpg": "9d1d624ebe99550dfb4bd88fc4d1469aca16bbd9",
    "/mscc_pwa_demo/assets/1526.jpg": "545124e242fc495c53a454a133fa64dff8145376",
    "/mscc_pwa_demo/assets/1527.jpg": "53b9ec2d6533a4e96cff9ff67ed892e625f197ed",
    "/mscc_pwa_demo/assets/1528.jpg": "8b0c5e14bc430e0579e9a875eb7cf879283ae71e",
    "/mscc_pwa_demo/assets/1529.jpg": "c351a7f9720539b2b36fc25d4d52626257bbccb8",
    "/mscc_pwa_demo/assets/153.jpg": "122ae4bfb2d5aeee08cdabae0747af3cb203a315",
    "/mscc_pwa_demo/assets/1530.jpg": "9e7351ad37127e1afff907d615ffabd01f4bac0f",
    "/mscc_pwa_demo/assets/1532.jpg": "ee9ada4e142a1ef1fd9bcd6b329aca50800a9ddf",
    "/mscc_pwa_demo/assets/1536.jpg": "eb528649ee1632b382cb8adb37f9db632d572fc0",
    "/mscc_pwa_demo/assets/1539.jpg": "f4ce71df0514fc291f8ed008593fb24dfa9800bb",
    "/mscc_pwa_demo/assets/154.jpg": "75a65c13bce2466ba915e1ccc9359517be7a6759",
    "/mscc_pwa_demo/assets/1540.jpg": "b46e509089b4b972aea3e3a9f469057e10bf40d6",
    "/mscc_pwa_demo/assets/155.jpg": "dacee9b2de187b278538e332705d95b936f8407e",
    "/mscc_pwa_demo/assets/160.jpg": "b120836aeca1b623f9dc1ccd78112114aa876859",
    "/mscc_pwa_demo/assets/162.jpg": "7b2a94b881a7bb48defa53e7fa7d199360af5931",
    "/mscc_pwa_demo/assets/164.jpg": "ac3f05953d554b5bdcf7b908c594523a0e5f6074",
    "/mscc_pwa_demo/assets/166.jpg": "1e181be11d0c38f6c5c0928dc9d526de58b106a4",
    "/mscc_pwa_demo/assets/167.jpg": "7605b438f87dcf18713355e5e0c51c3dd4fbdfbf",
    "/mscc_pwa_demo/assets/169.jpg": "667b8aa825543e4d238d944a0981c011ef23fe61",
    "/mscc_pwa_demo/assets/17.jpg": "a987d80e4b9cee4060698131a9ca3916f49f5137",
    "/mscc_pwa_demo/assets/170.jpg": "21d7d629739a370f9edd085b50ddd4786a7d7cd2",
    "/mscc_pwa_demo/assets/172.jpg": "d650c03b4dd721975c5a9a038f25587791749cdf",
    "/mscc_pwa_demo/assets/174.jpg": "82349959e19549034d1a772bda1f854509aca41c",
    "/mscc_pwa_demo/assets/178.jpg": "bf28289feb8818a3f6f03feb1a6fc84e6e9ce9c5",
    "/mscc_pwa_demo/assets/181.jpg": "39b7d511b6de0890e015d6d3094554ff864f91ce",
    "/mscc_pwa_demo/assets/184.jpg": "370d1f7f289dbef862e5b792badc057de2d278c5",
    "/mscc_pwa_demo/assets/186.jpg": "b7439d89eb296f20551bcf7f881a08c30eaed264",
    "/mscc_pwa_demo/assets/187.jpg": "551db72602daf82aae0e9275053f63a5dbf997a6",
    "/mscc_pwa_demo/assets/208.jpg": "43a3d8d14dc8fb7d00f6350111354313a2d2af34",
    "/mscc_pwa_demo/assets/21.jpg": "e11f802a2558f243609cfd372f171bd550720b3c",
    "/mscc_pwa_demo/assets/229.jpg": "8a6301d6032d19923516f3eef13e15852781017f",
    "/mscc_pwa_demo/assets/23.jpg": "83dc04e0e9f95945b9ee3868db42cdf4bff2cca7",
    "/mscc_pwa_demo/assets/231.jpg": "3b011e1cf4f3889331e487fb13d747a14e8a9d6a",
    "/mscc_pwa_demo/assets/232.jpg": "89e44ba7f591ccf42b0b1f85bc7eb18743822106",
    "/mscc_pwa_demo/assets/24.jpg": "f7e420aa65cd4a3d261b8b5853463a1355d932da",
    "/mscc_pwa_demo/assets/240.jpg": "5fa48454becc6ce0a9ed4b1acddf15c55a40d200",
    "/mscc_pwa_demo/assets/243.jpg": "02285d692e79fcaf819eb351ec905ef4da1abc48",
    "/mscc_pwa_demo/assets/245.jpg": "3d7752108dc20e1e2cf91d0ee2b1dec2f2f07574",
    "/mscc_pwa_demo/assets/246.jpg": "a2ed76498997ba95784e7387fe7d83d75fb77f7e",
    "/mscc_pwa_demo/assets/247.jpg": "01c0dbfce1babf6a32eb5312d17c8172b3f0873a",
    "/mscc_pwa_demo/assets/248.jpg": "98dc3cb37741908691b42e04c3e65f02f682a9f8",
    "/mscc_pwa_demo/assets/249.jpg": "54e052d95f8a7369e60f91b1c814fe2196cf23e4",
    "/mscc_pwa_demo/assets/257.jpg": "57621259cf895a7e06e32dbca6fbae0207bc46e7",
    "/mscc_pwa_demo/assets/26.jpg": "5101cbd36a91105c65462934e9085197ffc2d9e7",
    "/mscc_pwa_demo/assets/269.jpg": "b8bf3362109a9dea8af76d6e87eb11e246718264",
    "/mscc_pwa_demo/assets/27.jpg": "aec50d93fce2a8e4930fc99eff428dc1406b8943",
    "/mscc_pwa_demo/assets/271.jpg": "3d1e6fb29e4a9c1b4d8740eebd188d0a3d6cce88",
    "/mscc_pwa_demo/assets/272.jpg": "82d99f51c8082a375d97286ef97410e9da259d46",
    "/mscc_pwa_demo/assets/274.jpg": "da81a0b25bce3cd2653de69b419c1245b93077f9",
    "/mscc_pwa_demo/assets/276.jpg": "35b8bb8b1efa2ec8f1d208f104cf21be4fd1ce26",
    "/mscc_pwa_demo/assets/278.jpg": "b34560a95ed02f840cd7b33279470c709d5e5cdc",
    "/mscc_pwa_demo/assets/279.jpg": "3a05d180973f02f3bd940454b3fc42dd706ae23b",
    "/mscc_pwa_demo/assets/28.jpg": "8cc0995c3800c6bd8dd8bde69dfbd256150e8cb9",
    "/mscc_pwa_demo/assets/3.jpg": "92a1198d64fb33779d92e15cb33a350d10b7d6eb",
    "/mscc_pwa_demo/assets/30.jpg": "84e7e4bba9c9692ae7ba7827727ee055c5c67d94",
    "/mscc_pwa_demo/assets/303.jpg": "df215f4e59607a1a2c726500620a9a3c4f7aa59c",
    "/mscc_pwa_demo/assets/305.jpg": "ba3bd3189f8be1101086c77d2f1d1d7e5761c19f",
    "/mscc_pwa_demo/assets/32.jpg": "264aabaa06ca067de95e70e9984d0f13d67d0602",
    "/mscc_pwa_demo/assets/325.jpg": "a4cac3ac754b39a2fe0582f0b427c00b716706f1",
    "/mscc_pwa_demo/assets/33.jpg": "fe5272b72a1f4c80a4ef77f2f5e59064ff9437d8",
    "/mscc_pwa_demo/assets/34.jpg": "213c43cbd5377ba7880110db62044e5e2c9f36ae",
    "/mscc_pwa_demo/assets/343.jpg": "7802b8754d6309d10c4b907bbd7b28a700639525",
    "/mscc_pwa_demo/assets/362.jpg": "d183d16bb633c5ab4c76b437a56a4ad0d950e5e1",
    "/mscc_pwa_demo/assets/370.jpg": "39fb4ca12a5481005ba22470bc761be3ca7d395a",
    "/mscc_pwa_demo/assets/382.jpg": "8adfba8847ef378ace125b7b1da738b6b04c0764",
    "/mscc_pwa_demo/assets/384.jpg": "6d257cf7d8c37f770a78779e0d060e4ea2ea8864",
    "/mscc_pwa_demo/assets/396.jpg": "620d80736de2bf6e2b746ae8b8f9f9e236c74bbd",
    "/mscc_pwa_demo/assets/40.jpg": "c4aa8ba0b35bf88fc2dac0cfd9f927585aeb22fe",
    "/mscc_pwa_demo/assets/408.jpg": "1849d9ab130fa313d7bb813a5df8afc329f36855",
    "/mscc_pwa_demo/assets/411.jpg": "fa3df4268cc4db37fc365013368d6dd2dfdb5a32",
    "/mscc_pwa_demo/assets/42.jpg": "8715e4433f268599317112b03f4187cdf3139bb3",
    "/mscc_pwa_demo/assets/43.jpg": "94f860dc7519c90196ceb1d07b9a1a2b23c1f540",
    "/mscc_pwa_demo/assets/44.jpg": "630de69bdbed0fc58694d90cf6f58c199465d606",
    "/mscc_pwa_demo/assets/444.jpg": "5bd4e713f88ac356701c13fa258e3cf5de88e92d",
    "/mscc_pwa_demo/assets/45.jpg": "a8fb1b27e5ffffaf578cc1fa2e76dd237f904ed6",
    "/mscc_pwa_demo/assets/454.jpg": "43b1ecb71921a5f84bfe630728850dcbab52df71",
    "/mscc_pwa_demo/assets/46.jpg": "0df00590511385dae8b2045636d032f1466a0707",
    "/mscc_pwa_demo/assets/479.jpg": "9259014872675829040effe8d20e6af5313a1656",
    "/mscc_pwa_demo/assets/481.jpg": "a9d183a0798a3e28d2a29dd51318883114b99acf",
    "/mscc_pwa_demo/assets/482.jpg": "19d8894f78c011c277ef439669366d0e587ffb5a",
    "/mscc_pwa_demo/assets/483.jpg": "cb3f4f3c0cda83877e35f05eafdd204fb3f7f010",
    "/mscc_pwa_demo/assets/485.jpg": "8066168acf2f21921d369a3adc50fce8f9861811",
    "/mscc_pwa_demo/assets/49.jpg": "ef51f22732cd76f5c921bc4b71e38aba5cf6c978",
    "/mscc_pwa_demo/assets/508.jpg": "58ab80b261c22c732416b13b86d80f375d8c4cba",
    "/mscc_pwa_demo/assets/51.jpg": "bc70e4dffe8956485896f8d4a02309da2f197a84",
    "/mscc_pwa_demo/assets/516.jpg": "2387522fe74096975537b627770c906ac0e9981a",
    "/mscc_pwa_demo/assets/52.jpg": "78af23d6d7fb2070de16a43deb05879a6e070adb",
    "/mscc_pwa_demo/assets/53.jpg": "2785e9af2db4b3005deda70c73e7449b5b527068",
    "/mscc_pwa_demo/assets/530.jpg": "c72f812352be2a77572f49f611c5424c08568829",
    "/mscc_pwa_demo/assets/536.jpg": "d7e48eab4aaf7fc5318ea1dd2ebee66ca7588533",
    "/mscc_pwa_demo/assets/54.jpg": "5c5a016c3061ee3dcd8da75fca3624e04d7563c5",
    "/mscc_pwa_demo/assets/541.jpg": "f5cd2f6443ec43bb7767cf9f29af34585dd00128",
    "/mscc_pwa_demo/assets/55.jpg": "3bc88c1802f38a159dad577879b27ebc1b10c1d9",
    "/mscc_pwa_demo/assets/56.jpg": "5025eb35d6340b57a11e93dbf32239dc8e9d8aec",
    "/mscc_pwa_demo/assets/57.jpg": "2e8e58c3b98443f1a2a518d14dca34183bd056b8",
    "/mscc_pwa_demo/assets/60.jpg": "c770bdfaccc60caa9ad1cf4d7f5f6533f85c5e86",
    "/mscc_pwa_demo/assets/618.jpg": "f9655c9404368f0e579ed96869c0c3749a594470",
    "/mscc_pwa_demo/assets/619.jpg": "b0a9702e9632c3828dc91c161fe3d6c4df64905f",
    "/mscc_pwa_demo/assets/620.jpg": "3a97f7de24fd24e62186c9b2f8f4fa3182f24f68",
    "/mscc_pwa_demo/assets/621.jpg": "60bb9edb066fd1128e9db8ef2cb4e758986cb292",
    "/mscc_pwa_demo/assets/625.jpg": "0d61d01bf09390740bdbe593e691a82e5261437d",
    "/mscc_pwa_demo/assets/626.jpg": "749366fc50c7d4ad238eeb47f9f7852be4f10762",
    "/mscc_pwa_demo/assets/628.jpg": "7f69113980af071fb60afbe429eef9d2f74737aa",
    "/mscc_pwa_demo/assets/63.jpg": "d7a7b5ddbd9f2e3d1a2cd9802de66639e6192407",
    "/mscc_pwa_demo/assets/630.jpg": "c9ba08d589bee128dceb7fdc0c0f1081b6be53a1",
    "/mscc_pwa_demo/assets/632.jpg": "dca1ec9683d595766a9e3e401cb601be9eaeea78",
    "/mscc_pwa_demo/assets/634.jpg": "d7f73e4290aa1097e8e10a76ed0df5f69839009c",
    "/mscc_pwa_demo/assets/637.jpg": "186e21a2088a228448da3fe40650f49c9eedcd88",
    "/mscc_pwa_demo/assets/638.jpg": "b579ac2c1cd2890779d2c0dc82015991417a2db5",
    "/mscc_pwa_demo/assets/639.jpg": "782bf0c938b26075ffd84c5b5eb4e0e138b9c0b1",
    "/mscc_pwa_demo/assets/64.jpg": "7a767792af29788a6aa5382b045fbe04e261efbd",
    "/mscc_pwa_demo/assets/640.jpg": "8b076f1c547146d668cbbf9f8fb137e7ad612504",
    "/mscc_pwa_demo/assets/642.jpg": "96c1741ae6d20a59c9d84229d8ec3372405ecf92",
    "/mscc_pwa_demo/assets/643.jpg": "2c2464062bfab16efdb3af980d1563964d4de625",
    "/mscc_pwa_demo/assets/644.jpg": "a93039759fc6e1a0c994ca65bca5affaa197c2e0",
    "/mscc_pwa_demo/assets/648.jpg": "2b84ba0392f02ba518ff1ce17ce68ea77c2c4814",
    "/mscc_pwa_demo/assets/65.jpg": "a8a8e12e2b89ff4f0ad2d2c24c64bea9b1ffa3f4",
    "/mscc_pwa_demo/assets/653.jpg": "a928e41145f5faf15f5c226db76f4bb327a8229d",
    "/mscc_pwa_demo/assets/654.jpg": "d7bd71c39d323df666184226033909d561d13edb",
    "/mscc_pwa_demo/assets/659.jpg": "2f469341a241236489afdce21c41d95081996b6a",
    "/mscc_pwa_demo/assets/660.jpg": "21b386d65b883ca277fbcc1cba63592fde2d7bac",
    "/mscc_pwa_demo/assets/661.jpg": "3d6fc7168a7ceb5c98ae57ef7813dac2da33203c",
    "/mscc_pwa_demo/assets/667.jpg": "f20f4b2068f3882d81dbd7dc3ba6140bf48f3c61",
    "/mscc_pwa_demo/assets/668.jpg": "ea605f032e14b6e58dee4d292f7152c13a6d132e",
    "/mscc_pwa_demo/assets/670.jpg": "0915f3e7dfd2934a171b0b8d11054be4a72d8cd2",
    "/mscc_pwa_demo/assets/672.jpg": "e9252d22589ec14cad02993857276ca0f3208ace",
    "/mscc_pwa_demo/assets/676.jpg": "419a7229ef2d4add3173f2bb7fb92d37a6bbfcac",
    "/mscc_pwa_demo/assets/679.jpg": "7a2f4af6d8b727d1965eb75ac943132838f35adf",
    "/mscc_pwa_demo/assets/687.jpg": "2e7125cfd2291638e22dfe6a28281356a39cda2a",
    "/mscc_pwa_demo/assets/690.jpg": "c12c7746d1cb55ddc4594f93dcde72ebced2875f",
    "/mscc_pwa_demo/assets/694.jpg": "ffe696388e110cc003cbaaa9b43b0043f52f7ddd",
    "/mscc_pwa_demo/assets/696.jpg": "9e339bd6ab3492c55f56853ac663f1427e5dc2bc",
    "/mscc_pwa_demo/assets/697.jpg": "5776aab3ea9c6886450000e6bb608e23adad9f46",
    "/mscc_pwa_demo/assets/698.jpg": "e89559295d4eb0579bcfb0090479a6490f88b3a3",
    "/mscc_pwa_demo/assets/70.jpg": "29f62fdb93749c15ac266df30651d986c424597a",
    "/mscc_pwa_demo/assets/700.jpg": "b918e63d33c283aeb5901054687a2e21535b2a98",
    "/mscc_pwa_demo/assets/701.jpg": "40edc0741918a4f878204efdf925a4953066d34a",
    "/mscc_pwa_demo/assets/702.jpg": "c38973ded0145f97b645d8dcad41521f73be6b5e",
    "/mscc_pwa_demo/assets/703.jpg": "7c07de9bacae47ca77a04bbc4240318e3a1cab25",
    "/mscc_pwa_demo/assets/705.jpg": "191374ddac22f8efbfecd31a5b88e8e0c1ca64b3",
    "/mscc_pwa_demo/assets/718.jpg": "edbe5da3edcff2219033a0144c8f7b22ccf08493",
    "/mscc_pwa_demo/assets/722.jpg": "d1dbb2b7d845c39a074b8e5b9f2b5fc8287c9cb1",
    "/mscc_pwa_demo/assets/73.jpg": "c21fe1512453ad9c873a41ae79121d2782fe64ff",
    "/mscc_pwa_demo/assets/731.jpg": "a5e1ec7cb643f027b666405077212e7857206e1f",
    "/mscc_pwa_demo/assets/733.jpg": "d5b89bba4a41ef85ebfd94d7d588b65a43f9658f",
    "/mscc_pwa_demo/assets/737.jpg": "9a66e29ca7ed650356a7c8e3bc7045bf5d65e5fe",
    "/mscc_pwa_demo/assets/738.jpg": "0013e4ccbaf4265164a19c0a5131872e9d828881",
    "/mscc_pwa_demo/assets/74.jpg": "58a8e5ac4ccba255967a7924070fb3713a568500",
    "/mscc_pwa_demo/assets/749.jpg": "6dcfea7e0b3988f1ce2332b2680cacf2088e9b08",
    "/mscc_pwa_demo/assets/756.jpg": "14bea8648096aa1717e2dd452ef4e58d8715f75c",
    "/mscc_pwa_demo/assets/76.jpg": "c3bcda7aab07f9edbecac8a38cac22660b86e42d",
    "/mscc_pwa_demo/assets/761.jpg": "c863877a75189fd899235ce24468de0df18a6fc7",
    "/mscc_pwa_demo/assets/764.jpg": "ac6a7e71b686109bec0388555f6e0f3aca04cf2d",
    "/mscc_pwa_demo/assets/77.jpg": "7c7c4f82a5424ca5565779e49d7aa0e0f666c17e",
    "/mscc_pwa_demo/assets/771.jpg": "f8ddab7a261f5da883d85a327404256f25551584",
    "/mscc_pwa_demo/assets/786.jpg": "3379c137125ae86defe16142f947365d09ed6291",
    "/mscc_pwa_demo/assets/79.jpg": "45a7688e256af41d041469978ec68e1a1e24f64a",
    "/mscc_pwa_demo/assets/791.jpg": "b7fc14fb5b1aabbfbc1ea44c8672885e9e08d1dc",
    "/mscc_pwa_demo/assets/792.jpg": "644289a72e240733d662b22aa0e8a9d0d7cd96e6",
    "/mscc_pwa_demo/assets/802.jpg": "ca6873864ccc71e30c98f9034d9f47cd49cb56fd",
    "/mscc_pwa_demo/assets/806.jpg": "6beae97e629500a6970557f356a10a0842b1afd2",
    "/mscc_pwa_demo/assets/807.jpg": "86ee1194ac07c4cc90e229e3d25b64f9aeae490f",
    "/mscc_pwa_demo/assets/809.jpg": "58c032fc7f01ea482b9ef2f402abf1c854bd61a3",
    "/mscc_pwa_demo/assets/810.jpg": "6f57f622d605fc1c77beac5f15ad87d362fa241b",
    "/mscc_pwa_demo/assets/814.jpg": "7a5ceff6d2176e6a1ddbe1ffb62739f262aa36c8",
    "/mscc_pwa_demo/assets/816.jpg": "ea83e542d5fa279a421643b7298ba5000c1f873b",
    "/mscc_pwa_demo/assets/819.jpg": "a598d76c7f2462ac14e4345f5ec3a8c80fc1d4ef",
    "/mscc_pwa_demo/assets/82.jpg": "ac408644c516283cfe8765cc41be9787ce3f28aa",
    "/mscc_pwa_demo/assets/824.jpg": "6d781b959627f7357bd28b5f771a2e5e862e07ca",
    "/mscc_pwa_demo/assets/825.jpg": "ea471796ea66f3cada6c45ec7ca8a32fa235acff",
    "/mscc_pwa_demo/assets/826.jpg": "455c565af6e40d77f24cf2df0ddad21fb28e8db4",
    "/mscc_pwa_demo/assets/829.jpg": "426c7233ed87a4832614b2054304254d2343e9e9",
    "/mscc_pwa_demo/assets/832.jpg": "54b6cd8170d1a699f696d67cb34fbcc050ff9e4e",
    "/mscc_pwa_demo/assets/835.jpg": "cb4d8412ad360bcf2dda334d2ab3ea4e83f0998d",
    "/mscc_pwa_demo/assets/837.jpg": "2de088e03445503c1ff3e86ebb6d4091e052e9a0",
    "/mscc_pwa_demo/assets/838.jpg": "d3b04829e26844b91142dfdc34b413861457a89b",
    "/mscc_pwa_demo/assets/839.jpg": "bfb392ffde2f8434fd491c656b1cbdcd75e7aad2",
    "/mscc_pwa_demo/assets/840.jpg": "8269d8266422ee9730b4f8b0131f21e4de4ba38f",
    "/mscc_pwa_demo/assets/842.jpg": "a41c8b4a9e7df0666880c1217f2119a81616985e",
    "/mscc_pwa_demo/assets/845.jpg": "d7b7be4d449dd5ece43247641b824b47b380c36a",
    "/mscc_pwa_demo/assets/846.jpg": "83cbbd853beeaebdc5c74584a3e4ad209c3cd41c",
    "/mscc_pwa_demo/assets/847.jpg": "128cc88221c404ad2e45a0ca100b8c4ecd554c5a",
    "/mscc_pwa_demo/assets/85.jpg": "679f0a3589112278d46a797900e6ef02154cbecb",
    "/mscc_pwa_demo/assets/852.jpg": "fcaaca548c5c8dc27c179e98b4ce24bee5e0edc9",
    "/mscc_pwa_demo/assets/854.jpg": "47c4e6c54506aae5c6959def5d7931b8a90eac28",
    "/mscc_pwa_demo/assets/855.jpg": "548aba35f95ff9fe34c8a0adfa588bb5319c0d11",
    "/mscc_pwa_demo/assets/857.jpg": "dfc1dbf1ed5bfef3c81b9ca055198c0249a58bbd",
    "/mscc_pwa_demo/assets/858.jpg": "accf57a18d7cfe4d71e278e13b5248805f9f648f",
    "/mscc_pwa_demo/assets/86.jpg": "40797d43376675f2e863bae6a734ac1f721757d1",
    "/mscc_pwa_demo/assets/862.jpg": "d859d313678b8d745827cba33088f6fb3dc6ac53",
    "/mscc_pwa_demo/assets/863.jpg": "9a83df1a2682e405585fa0cefae3b7aa2294179b",
    "/mscc_pwa_demo/assets/868.jpg": "6c00078fb0b695c18b76151fe3288edaa2d8112d",
    "/mscc_pwa_demo/assets/870.jpg": "17245be32f57302c0e37af74bcf88b386ba6cf79",
    "/mscc_pwa_demo/assets/871.jpg": "f8c04e01a4ee3c35fb5d29bac6f7a8459bdcfb22",
    "/mscc_pwa_demo/assets/873.jpg": "e16189b31a4145916f7462f5a87cf867046412fe",
    "/mscc_pwa_demo/assets/878.jpg": "4c7d809035655da21c0b5389332a10c70e7b1084",
    "/mscc_pwa_demo/assets/879.jpg": "58f8f438635d843492420affd0a1ff5f61227f87",
    "/mscc_pwa_demo/assets/881.jpg": "7b17293542a8bba674ec38222a41291d4ece34c8",
    "/mscc_pwa_demo/assets/882.jpg": "2562ffd08b6f75585dc3d6cc7ae133059597d8c3",
    "/mscc_pwa_demo/assets/883.jpg": "d2cd45a3cc386ac1f2c8789a2c155bfb9330e99a",
    "/mscc_pwa_demo/assets/884.jpg": "5519b715195b5beb630bc0d596894f94a31c373d",
    "/mscc_pwa_demo/assets/885.jpg": "38ac816fb6f5ccb2b2b3bd3949e7157eedfbe8b3",
    "/mscc_pwa_demo/assets/887.jpg": "e3ecc99b31e82e00c0ea4a64f16b66ae577b2696",
    "/mscc_pwa_demo/assets/889.jpg": "464c531bcd265b820f745a2b69ae47fe5347c207",
    "/mscc_pwa_demo/assets/891.jpg": "258d45049e47e65d9f097f67614d3675468a58e6",
    "/mscc_pwa_demo/assets/892.jpg": "351557003c7b44fa3d1eba6c0d92251f993f0ed7",
    "/mscc_pwa_demo/assets/893.jpg": "f913725d57df11f9341c4b84d5672061619347d2",
    "/mscc_pwa_demo/assets/894.jpg": "511994a3407ea95fb413316e9314d618f35f9cf8",
    "/mscc_pwa_demo/assets/897.jpg": "c4e575613594f5206948a07366099be62cd760bb",
    "/mscc_pwa_demo/assets/898.jpg": "21ed812d9054ddc22ea2921e284ecbdcee3698d2",
    "/mscc_pwa_demo/assets/899.jpg": "bd17a553be9ee74a2ba96d18258d3406bbcab4fe",
    "/mscc_pwa_demo/assets/90.jpg": "fc82a4a84a1248df2332e4aaa5d7eacd10ab18cb",
    "/mscc_pwa_demo/assets/900.jpg": "1988fd12b3a2ad96a7b6ff639350d1dc121805a2",
    "/mscc_pwa_demo/assets/903.jpg": "c360dda8ae12a6644c8525d984b3356abcf89f08",
    "/mscc_pwa_demo/assets/904.jpg": "98410b91e97472657d3b47ab4d598582786b301c",
    "/mscc_pwa_demo/assets/91.jpg": "f08a7aeb152944da6ca18cb04a5770fbb93154be",
    "/mscc_pwa_demo/assets/925.jpg": "2686ee99f23c3e2a0b68f09f64699ad0c8575805",
    "/mscc_pwa_demo/assets/926.jpg": "11a7953ea01c8efb5251b43f1dc7f178634a77c7",
    "/mscc_pwa_demo/assets/929.jpg": "3f4098a2444fe7f96a667890708b009511cc1655",
    "/mscc_pwa_demo/assets/930.jpg": "0eabef284f65685f7af8e9a727309649d89da3d5",
    "/mscc_pwa_demo/assets/933.jpg": "e875ddde5331fc80a4de59fdd2c850567272e808",
    "/mscc_pwa_demo/assets/934.jpg": "90f897cb025b46844da4068d0ff130f9f59379d5",
    "/mscc_pwa_demo/assets/935.jpg": "b657566573b47799121db3793f9e291b1ff3d2be",
    "/mscc_pwa_demo/assets/938.jpg": "dde3d357f340ae3767ecc8dfe9f35db6b3064603",
    "/mscc_pwa_demo/assets/939.jpg": "c68a99ea00ebbec7e75e7d601d223beb602c52c4",
    "/mscc_pwa_demo/assets/94.jpg": "41e20328fd91068827044ef759da0d02b1b58ef5",
    "/mscc_pwa_demo/assets/940.jpg": "cc334d7186d81f360a10819358d37a354557b465",
    "/mscc_pwa_demo/assets/941.jpg": "e8912e8e518733489225d985468c6a73ce86974a",
    "/mscc_pwa_demo/assets/942.jpg": "72da6b9b8cda9434b7717f29701813314d06d059",
    "/mscc_pwa_demo/assets/943.jpg": "14ca0be07595976da2041b3f9bb4cbd3ca48137c",
    "/mscc_pwa_demo/assets/944.jpg": "83657e96701da57539ae116f419992c63765bb3c",
    "/mscc_pwa_demo/assets/947.jpg": "0d2f598cf166563813cf7d1ef9fa67dce8377f2e",
    "/mscc_pwa_demo/assets/948.jpg": "879c6827fd8817496e396e2c021d62845c6657a3",
    "/mscc_pwa_demo/assets/949.jpg": "b6bd3c5d6f7fb3a66ccc67d96d31d4027e8cadd6",
    "/mscc_pwa_demo/assets/951.jpg": "ec65895542c577697a2f10e8f15b2abd694cf2ac",
    "/mscc_pwa_demo/assets/952.jpg": "c3a98f1c63a768b5fb6d800d0fbee2d70a2a02bd",
    "/mscc_pwa_demo/assets/953.jpg": "f7f14520f2144a0d18f072cabaf819ae216df045",
    "/mscc_pwa_demo/assets/956.jpg": "2303f3459112552d161db3e48e817c06f2e2f578",
    "/mscc_pwa_demo/assets/957.jpg": "fa26f1c2e1489aed2ef82d55315cbdbe8df436e6",
    "/mscc_pwa_demo/assets/958.jpg": "565942b44263964de60cbc44ae738ff4a6257a9b",
    "/mscc_pwa_demo/assets/96.jpg": "512d76ee2f5c5af2020251feed883f53c302c5a4",
    "/mscc_pwa_demo/assets/data.json": "f52754dfd2659b0d8f70dd49f7c81c7b20e87268",
    "/mscc_pwa_demo/assets/icons/android-icon-144x144.png": "2cd0699fe1c048e7e23148b0653203dbe20cb072",
    "/mscc_pwa_demo/assets/icons/android-icon-192x192.png": "3d402a1f6b06b1c36a3beb5160aee320055623a3",
    "/mscc_pwa_demo/assets/icons/android-icon-36x36.png": "580eb3738625f87cf95e9f16ee3226bb0449eb44",
    "/mscc_pwa_demo/assets/icons/android-icon-48x48.png": "3dea8ddf73433507889ab08f7c88d569fed8d461",
    "/mscc_pwa_demo/assets/icons/android-icon-72x72.png": "481005ca46a68d18debff40246499d6dc9456592",
    "/mscc_pwa_demo/assets/icons/android-icon-96x96.png": "816bd26ee7b6ed66c23aa4bc3840dc04cc505812",
    "/mscc_pwa_demo/assets/icons/apple-icon-114x114.png": "6b759d41aef7c338ab3ffe9cb15624dacdcd4aad",
    "/mscc_pwa_demo/assets/icons/apple-icon-120x120.png": "57809ca404c59ca476f9f99752f45cf5d6f54bb1",
    "/mscc_pwa_demo/assets/icons/apple-icon-144x144.png": "2cd0699fe1c048e7e23148b0653203dbe20cb072",
    "/mscc_pwa_demo/assets/icons/apple-icon-152x152.png": "6332d6ad092a132777f62f62fe297d09897fee4e",
    "/mscc_pwa_demo/assets/icons/apple-icon-180x180.png": "0c317d8f83dfb02208d3427ddf32a3782a529d65",
    "/mscc_pwa_demo/assets/icons/apple-icon-57x57.png": "a5ed47fe9120cdf9f40b7bb2c55a199ec9b0ff77",
    "/mscc_pwa_demo/assets/icons/apple-icon-60x60.png": "645d48f8a3f434737e9fef32cc1e753e63e06371",
    "/mscc_pwa_demo/assets/icons/apple-icon-72x72.png": "481005ca46a68d18debff40246499d6dc9456592",
    "/mscc_pwa_demo/assets/icons/apple-icon-76x76.png": "e0a8bc8d86dbcfac0b34ac604102dd8f23ef0f5d",
    "/mscc_pwa_demo/assets/icons/apple-icon-precomposed.png": "33642b56dad7c763ff3b178192b3e3687e8153bc",
    "/mscc_pwa_demo/assets/icons/apple-icon.png": "33642b56dad7c763ff3b178192b3e3687e8153bc",
    "/mscc_pwa_demo/assets/icons/favicon-16x16.png": "040aae528c51ea15b99b6cc339ede92092d667e4",
    "/mscc_pwa_demo/assets/icons/favicon-32x32.png": "98b3295aeeffc072bdf8393dcdf5d157ff6c6bd0",
    "/mscc_pwa_demo/assets/icons/favicon-96x96.png": "816bd26ee7b6ed66c23aa4bc3840dc04cc505812",
    "/mscc_pwa_demo/assets/icons/favicon.ico": "ad11d90adb5a227c0c5639b73c6a14b9ff0365d0",
    "/mscc_pwa_demo/assets/icons/icon-128x128.png": "dae3b6ed49bdaf4327b92531d4b5b4a5d30c7532",
    "/mscc_pwa_demo/assets/icons/icon-144x144.png": "b0bd89982e08f9bd2b642928f5391915b74799a7",
    "/mscc_pwa_demo/assets/icons/icon-152x152.png": "7479a9477815dfd9668d60f8b3b2fba709b91310",
    "/mscc_pwa_demo/assets/icons/icon-192x192.png": "1abd80d431a237a853ce38147d8c63752f10933b",
    "/mscc_pwa_demo/assets/icons/icon-384x384.png": "329749cd6393768d3131ed6304c136b1ca05f2fd",
    "/mscc_pwa_demo/assets/icons/icon-512x512.png": "559d9c4318b45a1f2b10596bbb4c960fe521dbcc",
    "/mscc_pwa_demo/assets/icons/icon-72x72.png": "c457e56089a36952cd67156f9996bc4ce54a5ed9",
    "/mscc_pwa_demo/assets/icons/icon-96x96.png": "3914125a4b445bf111c5627875fc190f560daa41",
    "/mscc_pwa_demo/assets/icons/ms-icon-144x144.png": "2cd0699fe1c048e7e23148b0653203dbe20cb072",
    "/mscc_pwa_demo/assets/icons/ms-icon-150x150.png": "60a0bb2dc2a992f335b26513a84dfcf6c8c66950",
    "/mscc_pwa_demo/assets/icons/ms-icon-310x310.png": "3a0fd64aa79d2688e47a7b6d7fc0289711eb08a6",
    "/mscc_pwa_demo/assets/icons/ms-icon-70x70.png": "ec1e676fafb750f73b73f33831056fdac245e9ce",
    "/mscc_pwa_demo/index.html": "a371ee6336878890fe978d03900009810c7de818",
    "/mscc_pwa_demo/main.026f11492445943bf6b5.js": "8b449693efecd9b963da6c8805c0ab4d955d8285",
    "/mscc_pwa_demo/manifest.webmanifest": "b6ab286cf977b2f7bb53a462a0610bff5fc80b8e",
    "/mscc_pwa_demo/polyfills.08cdd93a9921fbb99ed7.js": "578360d24ce37383f261c7ef63b1f822d28e8dde",
    "/mscc_pwa_demo/runtime.f9956ac3c2762746a398.js": "a9aafcf49f49145093fc831efd9b8e2f6c71bb9c",
    "/mscc_pwa_demo/styles.04274f8de38ba6ec7482.css": "7cce09a5e31695a6de5d219f07cb19d48d825c5b"
  },
  "navigationUrls": [
    {
      "positive": true,
      "regex": "^\\/.*$"
    },
    {
      "positive": false,
      "regex": "^\\/(?:.+\\/)?[^/]*\\.[^/]*$"
    },
    {
      "positive": false,
      "regex": "^\\/(?:.+\\/)?[^/]*__[^/]*$"
    },
    {
      "positive": false,
      "regex": "^\\/(?:.+\\/)?[^/]*__[^/]*\\/.*$"
    }
  ]
}